id,stock_date,pupa_date,pupa_mass,sex,acc_temp,survival_temp,emerge_date,emerge_TOD,death_date,death_TOD,notes
489,2024-05-03,2024-06-02,0.51,Male,23,26,2024-06-14,AM,2024-06-20,AM,NA
499,2024-05-03,2024-06-02,0.924,Male,23,26,2024-06-15,PM,2024-06-25,PM,NA
503,2024-05-03,2024-06-02,0.65,Male,23,26,2024-06-13,AM,2024-06-21,PM,NA
505,2024-05-03,2024-06-02,0.649,Male,23,26,2024-06-16,PM,2024-06-25,PM,NA
524,2024-05-03,2024-06-03,0.811,Male,23,26,2024-06-17,PM,2024-06-28,PM,NA
530,2024-05-03,2024-06-03,0.88,Male,23,26,2024-06-17,PM,2024-06-29,AM,NA
531,2024-05-03,2024-06-04,0.754,Male,23,26,2024-06-17,AM,2024-06-28,PM,NA
534,2024-05-03,2024-06-04,2.392,Male,23,26,2024-06-18,PM,2024-06-27,PM,NA
542,2024-05-03,2024-06-04,0.892,Male,23,26,2024-06-17,PM,2024-06-25,PM,NA
545,2024-05-03,2024-06-04,0.823,Male,23,26,2024-06-17,PM,2024-06-27,PM,NA
555,2024-05-03,2024-06-04,0.871,Male,23,26,2024-06-18,PM,2024-06-29,PM,NA
575,2024-05-03,2024-06-05,0.953,Male,23,26,2024-06-19,PM,2024-06-29,PM,NA
578,2024-05-03,2024-06-05,1.036,Male,23,26,2024-06-20,PM,2024-06-29,AM,NA
579,2024-05-03,2024-06-05,0.728,Male,23,26,2024-06-17,AM,2024-06-27,AM,NA
588,2024-05-03,2024-06-05,1.011,Male,23,26,2024-06-20,PM,2024-06-29,AM,NA
591,2024-05-03,2024-06-05,0.851,Male,23,26,2024-06-19,AM,2024-06-29,PM,NA
603,2024-05-03,2024-06-05,1.108,Male,23,26,2024-06-19,PM,2024-06-28,PM,NA
608,2024-05-03,2024-06-05,0.946,Male,23,26,2024-06-18,PM,2024-06-28,AM,NA
627,2024-05-03,2024-06-06,1.127,Male,23,26,2024-06-21,AM,2024-06-30,PM,NA
644,2024-05-03,2024-06-06,1.06,Male,23,26,2024-06-19,PM,2024-06-29,AM,NA
645,2024-05-03,2024-06-06,0.832,Male,23,26,2024-06-20,PM,2024-06-29,PM,NA
660,NA,NA,NA,Male,23,26,2024-06-22,PM,2024-07-01,PM,NA
670,2024-05-03,2024-06-07,0.919,Male,23,26,2024-06-20,PM,2024-06-30,AM,NA
674,2024-05-03,2024-06-07,0.97,Male,23,26,2024-06-23,PM,2024-07-03,AM,NA
685,2024-05-03,2024-06-10,0.837,Male,23,26,2024-06-21,PM,2024-07-03,PM,NA
745,2024-05-03,2024-06-10,0.835,Male,23,26,2024-06-21,PM,2024-07-01,PM,NA
488,2024-05-03,2024-06-02,0.9,Male,23,29,2024-06-15,AM,2024-06-24,AM,NA
491,2024-05-03,2024-06-02,0.579,Male,23,29,2024-06-14,PM,2024-06-22,AM,NA
497,2024-05-03,2024-06-02,0.694,Male,23,29,2024-06-15,PM,2024-06-24,AM,NA
498,2024-05-03,2024-06-02,0.677,Male,23,29,2024-06-15,PM,2024-06-21,PM,NA
515,2024-05-03,2024-06-03,0.721,Male,23,29,2024-06-17,AM,2024-06-26,AM,NA
517,2024-05-03,2024-06-03,0.73,Male,23,29,2024-06-16,PM,2024-06-26,AM,NA
520,2024-05-03,2024-06-03,0.706,Male,23,29,2024-06-17,AM,2024-06-25,AM,NA
525,2024-05-03,2024-06-03,0.943,Male,23,29,2024-06-18,AM,2024-06-25,PM,NA
538,2024-05-03,2024-06-04,1.849,Male,23,29,2024-06-19,AM,2024-06-30,AM,NA
543,2024-05-03,2024-06-04,0.749,Male,23,29,2024-06-18,PM,2024-06-25,PM,NA
546,2024-05-03,2024-06-04,1.136,Male,23,29,2024-06-18,PM,2024-06-24,AM,NA
547,2024-05-03,2024-06-04,0.824,Male,23,29,2024-06-19,PM,2024-06-29,AM,NA
550,2024-05-03,2024-06-04,0.714,Male,23,29,2024-06-18,PM,2024-06-27,AM,NA
584,2024-05-03,2024-06-05,1.099,Male,23,29,2024-06-20,PM,2024-06-28,AM,NA
592,2024-05-03,2024-06-05,0.815,Male,23,29,2024-06-17,PM,2024-06-25,PM,NA
597,2024-05-03,2024-06-05,1.065,Male,23,29,2024-06-19,PM,2024-06-27,PM,NA
598,2024-05-03,2024-06-05,0.736,Male,23,29,2024-06-19,PM,2024-06-26,PM,NA
599,2024-05-03,2024-06-05,0.769,Male,23,29,2024-06-17,PM,2024-06-25,AM,NA
628,2024-05-03,2024-06-06,0.791,Male,23,29,2024-06-20,PM,2024-06-25,PM,NA
631,2024-05-03,2024-06-06,0.687,Male,23,29,2024-06-21,PM,2024-06-28,AM,NA
636,2024-05-03,2024-06-06,1.151,Male,23,29,2024-06-20,PM,2024-06-29,AM,NA
637,2024-05-03,2024-06-06,1.251,Male,23,29,2024-06-20,PM,2024-06-28,PM,NA
641,2024-05-03,2024-06-06,0.684,Male,23,29,2024-06-20,PM,2024-06-27,AM,NA
646,2024-05-03,2024-06-06,0.9,Male,23,29,2024-06-20,AM,2024-06-27,AM,NA
665,NA,NA,NA,Male,23,29,2024-06-22,PM,2024-06-30,AM,NA
667,2024-05-03,2024-06-07,0.787,Male,23,29,2024-06-21,PM,2024-06-29,AM,NA
492,2024-05-03,2024-06-02,0.463,Male,23,32,2024-06-14,PM,2024-06-19,PM,NA
495,2024-05-03,2024-06-02,0.625,Male,23,32,2024-06-17,PM,2024-06-23,AM,NA
496,2024-05-03,2024-06-02,0.562,Male,23,32,2024-06-15,PM,2024-06-21,AM,NA
500,NA,NA,NA,Male,23,32,2024-06-18,AM,2024-06-22,PM,NA
522,2024-05-03,2024-06-03,0.736,Male,23,32,2024-06-15,AM,2024-06-21,PM,NA
528,2024-05-03,2024-06-03,0.728,Male,23,32,2024-06-17,PM,2024-06-23,AM,NA
532,2024-05-03,2024-06-04,1.073,Male,23,32,2024-06-20,PM,2024-06-25,PM,NA
533,2024-05-03,2024-06-04,0.599,Male,23,32,2024-06-18,PM,2024-06-23,AM,NA
553,2024-05-03,2024-06-04,0.866,Male,23,32,2024-06-17,AM,2024-06-23,AM,NA
554,2024-05-03,2024-06-04,0.84,Male,23,32,2024-06-19,PM,NA,NA,NA
572,2024-05-03,2024-06-05,0.977,Male,23,32,2024-06-17,PM,2024-06-23,AM,NA
577,2024-05-03,2024-06-05,1.115,Male,23,32,2024-06-19,PM,NA,NA,NA
580,2024-05-03,2024-06-05,0.863,Male,23,32,2024-06-21,AM,2024-06-25,PM,NA
586,2024-05-03,2024-06-05,0.885,Male,23,32,2024-06-17,AM,2024-06-23,AM,NA
589,2024-05-03,2024-06-05,0.896,Male,23,32,2024-06-20,AM,2024-06-26,PM,NA
600,2024-05-03,2024-06-05,0.907,Male,23,32,2024-06-19,PM,NA,NA,death date not recorded
601,2024-05-03,2024-06-05,0.85,Male,23,32,2024-06-19,AM,2024-06-27,PM,NA
604,2024-05-03,2024-06-05,0.934,Male,23,32,2024-06-18,PM,2024-06-24,PM,NA
605,2024-05-03,2024-06-05,0.829,Male,23,32,2024-06-20,PM,2024-06-27,AM,NA
638,2024-05-03,2024-06-06,0.883,Male,23,32,2024-06-21,PM,2024-06-27,PM,NA
640,2024-05-03,2024-06-06,1.045,Male,23,32,2024-06-20,AM,2024-06-26,AM,NA
642,NA,NA,NA,Male,23,32,2024-06-22,PM,2024-06-27,AM,NA
647,2024-05-03,2024-06-06,0.951,Male,23,32,2024-06-20,PM,2024-06-26,AM,NA
672,2024-05-03,2024-06-07,0.974,Male,23,32,2024-06-21,PM,2024-06-27,AM,NA
681,2024-05-03,2024-06-07,0.719,Male,23,32,2024-06-20,PM,2024-06-26,PM,NA
490,2024-05-03,2024-06-02,0.629,Male,23,35,2024-06-15,PM,2024-06-19,AM,NA
493,2024-05-03,2024-06-02,0.66,Male,23,35,2024-06-15,PM,2024-06-20,AM,NA
494,2024-05-03,2024-06-02,1.056,Male,23,35,2024-06-17,AM,2024-06-22,AM,NA
502,2024-05-03,2024-06-02,0.803,Male,23,35,2024-06-14,PM,2024-06-18,PM,NA
516,2024-05-03,2024-06-03,0.746,Male,23,35,2024-06-17,PM,2024-06-21,PM,NA
518,2024-05-03,2024-06-03,0.732,Male,23,35,2024-06-18,PM,2024-06-22,AM,NA
519,NA,NA,NA,Male,23,35,2024-06-16,AM,2024-06-20,PM,NA
526,2024-05-03,2024-06-03,0.843,Male,23,35,2024-06-17,PM,2024-06-23,AM,NA
529,2024-05-03,2024-06-03,0.552,Male,23,35,2024-06-15,PM,2024-06-20,AM,NA
548,2024-05-03,2024-06-04,0.841,Male,23,35,2024-06-18,PM,2024-06-22,PM,NA
573,2024-05-03,2024-06-05,0.87,Male,23,35,2024-06-20,PM,2024-06-24,PM,NA
576,2024-05-03,2024-06-05,0.896,Male,23,35,2024-06-20,AM,2024-06-24,AM,NA
581,2024-05-03,2024-06-05,1.05,Male,23,35,2024-06-19,PM,2024-06-23,AM,NA
582,2024-05-03,2024-06-05,0.932,Male,23,35,2024-06-20,PM,2024-06-25,PM,NA
583,2024-05-03,2024-06-05,0.934,Male,23,35,2024-06-19,AM,2024-06-23,AM,NA
585,2024-05-03,2024-06-05,0.777,Male,23,35,2024-06-19,PM,2024-06-24,AM,NA
587,2024-05-03,2024-06-05,0.823,Male,23,35,2024-06-17,PM,2024-06-21,PM,NA
590,2024-05-03,2024-06-05,0.844,Male,23,35,2024-06-19,PM,2024-06-21,PM,NA
595,2024-05-03,2024-06-05,1.19,Male,23,35,2024-06-18,PM,2024-06-22,AM,NA
596,2024-05-03,2024-06-05,1.193,Male,23,35,2024-06-20,PM,2024-06-24,PM,NA
634,2024-05-03,2024-06-06,1.079,Male,23,35,2024-06-21,PM,2024-06-24,AM,NA
639,2024-05-03,2024-06-06,0.686,Male,23,35,2024-06-20,PM,2024-06-24,PM,NA
643,2024-05-03,2024-06-06,0.928,Male,23,35,2024-06-20,PM,2024-06-24,PM,NA
649,2024-05-03,2024-06-06,0.827,Male,23,35,2024-06-20,AM,2024-06-23,PM,NA
655,NA,NA,NA,Male,23,35,2024-06-21,PM,2024-06-27,AM,NA
668,2024-05-03,2024-06-07,0.794,Male,23,35,2024-06-21,PM,2024-06-25,AM,NA
784,2024-05-03,2024-06-12,0.288,Male,23,35,2024-06-20,PM,2024-06-23,AM,NA
33,2024-05-03,2024-05-25,0.592,Male,26,26,2024-06-06,PM,2024-06-13,PM,NA
71,2024-05-03,2024-05-26,0.815,Male,26,26,2024-06-08,PM,2024-06-21,AM,NA
149,2024-05-03,2024-05-28,0.821,Male,26,26,2024-06-08,PM,2024-06-18,AM,NA
210,2024-05-03,2024-05-29,0.893,Male,26,26,2024-06-10,AM,2024-06-21,AM,NA
217,2024-05-03,2024-05-29,0.913,Male,26,26,2024-06-10,PM,2024-06-19,PM,NA
220,2024-05-03,2024-05-29,1.107,Male,26,26,2024-06-09,PM,2024-06-19,AM,NA
226,2024-05-03,2024-05-29,0.683,Male,26,26,2024-06-10,AM,2024-06-19,PM,NA
230,2024-05-03,2024-05-29,0.765,Male,26,26,2024-06-12,AM,NA,NA,NA
232,NA,NA,NA,Male,26,26,2024-06-09,PM,2024-06-18,AM,NA
233,2024-05-03,2024-05-29,0.882,Male,26,26,2024-06-10,AM,2024-06-20,AM,NA
237,NA,NA,NA,Male,26,26,2024-06-09,PM,2024-06-20,PM,NA
241,2024-05-03,2024-05-29,0.842,Male,26,26,2024-06-10,AM,2024-06-18,PM,NA
242,2024-05-03,2024-05-29,0.803,Male,26,26,2024-06-10,PM,2024-06-23,AM,NA
243,2024-05-03,2024-05-29,0.681,Male,26,26,2024-06-09,PM,2024-06-21,AM,NA
245,2024-05-03,2024-05-29,0.776,Male,26,26,2024-06-10,PM,2024-06-20,PM,NA
300,2024-05-03,2024-05-30,1.175,Male,26,26,2024-06-11,PM,2024-06-20,AM,NA
312,2024-05-03,2024-05-30,0.771,Male,26,26,2024-06-11,PM,2024-06-21,PM,NA
315,2024-05-03,2024-05-30,0.961,Male,26,26,2024-06-12,PM,2024-06-25,PM,NA
342,2024-05-03,2024-05-31,0.727,Male,26,26,2024-06-12,AM,2024-06-21,AM,NA
344,2024-05-03,2024-05-31,0.954,Male,26,26,2024-06-14,PM,2024-06-24,AM,NA
345,2024-05-03,2024-05-31,0.649,Male,26,26,2024-06-11,PM,2024-06-22,AM,NA
347,2024-05-03,2024-05-31,0.982,Male,26,26,2024-06-12,PM,2024-06-23,PM,NA
353,2024-05-03,2024-05-31,0.841,Male,26,26,2024-06-12,AM,NA,NA,Missing
363,2024-05-03,2024-05-31,0.806,Male,26,26,2024-06-12,PM,NA,NA,NA
364,2024-05-03,2024-05-31,1.075,Male,26,26,2024-06-13,AM,2024-06-22,AM,NA
373,2024-05-03,2024-05-31,0.981,Male,26,26,2024-06-12,PM,2024-06-22,PM,NA
374,2024-05-03,2024-05-31,0.738,Male,26,26,2024-06-12,PM,2024-06-24,PM,NA
402,2024-05-03,2024-06-01,0.83,Male,26,26,2024-06-14,PM,2024-06-24,AM,NA
540,NA,NA,NA,Male,26,26,2024-06-16,AM,2024-06-26,PM,NA
650,2024-05-03,2024-06-06,0.564,Male,26,26,2024-06-18,PM,2024-06-25,AM,NA
32,2024-05-03,2024-05-25,0.723,Male,26,29,2024-06-06,AM,2024-06-16,AM,NA
72,2024-05-03,2024-05-26,0.762,Male,26,29,2024-06-07,PM,2024-06-18,PM,NA
104,NA,NA,NA,Male,26,29,2024-06-09,AM,2024-06-19,PM,NA
108,2024-05-03,2024-05-28,0.923,Male,26,29,2024-06-08,PM,2024-06-18,PM,NA
146,2024-05-03,2024-05-28,0.933,Male,26,29,2024-06-09,PM,2024-06-19,AM,NA
207,2024-05-03,2024-05-29,0.909,Male,26,29,2024-06-09,PM,2024-06-19,PM,NA
212,2024-05-03,2024-05-29,0.827,Male,26,29,2024-06-06,PM,2024-06-20,PM,NA
216,2024-05-03,2024-05-29,0.742,Male,26,29,2024-06-10,PM,2024-06-17,AM,NA
218,2024-05-03,2024-05-29,0.879,Male,26,29,2024-06-10,AM,2024-06-17,PM,NA
223,2024-05-03,2024-05-29,1.101,Male,26,29,2024-06-11,PM,2024-06-19,PM,NA
240,2024-05-03,2024-05-29,0.738,Male,26,29,2024-06-09,PM,2024-06-19,AM,NA
246,2024-05-03,2024-05-29,0.874,Male,26,29,2024-06-10,PM,2024-06-21,PM,NA
299,2024-05-03,2024-05-30,0.992,Male,26,29,2024-06-13,AM,2024-06-21,AM,NA
301,2024-05-03,2024-05-30,0.952,Male,26,29,2024-06-11,PM,2024-06-21,PM,NA
303,2024-05-03,2024-05-30,1.026,Male,26,29,2024-06-12,PM,NA,NA,NA
305,2024-05-03,2024-05-30,0.786,Male,26,29,2024-06-10,AM,2024-06-18,AM,NA
306,2024-05-03,2024-05-30,0.74,Male,26,29,2024-06-12,AM,2024-06-20,PM,NA
308,2024-05-03,2024-05-30,0.874,Male,26,29,2024-06-12,PM,2024-06-21,AM,NA
309,2024-05-03,2024-05-30,1.08,Male,26,29,2024-06-12,PM,2024-06-16,AM,NA
316,2024-05-03,2024-05-30,0.859,Male,26,29,2024-06-10,AM,2024-06-19,PM,NA
317,2024-05-03,2024-05-30,0.975,Male,26,29,2024-06-12,PM,2024-06-20,AM,NA
322,2024-05-03,2024-05-30,1.005,Male,26,29,2024-06-12,AM,2024-06-19,PM,NA
326,2024-05-03,2024-05-30,0.863,Male,26,29,2024-06-11,PM,2024-06-21,PM,NA
327,2024-05-03,2024-05-30,0.972,Male,26,29,2024-06-12,AM,NA,NA,missing
343,2024-05-03,2024-05-31,1.009,Male,26,29,2024-06-14,AM,2024-06-21,AM,NA
355,2024-05-03,2024-05-31,1.023,Male,26,29,2024-06-12,PM,2024-06-23,AM,NA
367,2024-05-03,2024-05-31,0.935,Male,26,29,2024-06-12,PM,2024-06-20,PM,NA
386,2024-05-03,2024-06-01,0.727,Male,26,29,2024-06-13,PM,2024-06-23,AM,NA
390,2024-05-03,2024-06-01,0.99,Male,26,29,2024-06-14,PM,2024-06-23,PM,NA
405,2024-05-03,2024-06-01,0.976,Male,26,29,2024-06-13,PM,2024-06-21,AM,NA
616,2024-05-03,2024-06-05,0.607,Male,26,29,2024-06-17,AM,2024-06-24,AM,NA
147,2024-05-03,2024-05-28,0.815,Male,26,32,2024-06-08,PM,2024-06-18,AM,NA
206,2024-05-03,2024-05-29,0.938,Male,26,32,2024-06-10,AM,2024-06-19,AM,NA
208,2024-05-03,2024-05-29,0.696,Male,26,32,2024-06-09,PM,2024-06-17,AM,NA
215,2024-05-03,2024-05-29,1.034,Male,26,32,2024-06-10,PM,2024-06-18,PM,NA
219,2024-05-03,2024-05-29,0.79,Male,26,32,2024-06-10,AM,2024-06-18,PM,NA
222,2024-05-03,2024-05-29,0.779,Male,26,32,2024-06-10,PM,2024-06-18,AM,NA
224,2024-05-03,2024-05-29,0.738,Male,26,32,2024-06-09,PM,2024-06-18,AM,NA
227,2024-05-03,2024-05-29,0.649,Male,26,32,2024-06-08,PM,2024-06-17,PM,NA
231,2024-05-03,2024-05-29,0.929,Male,26,32,2024-06-10,AM,2024-06-20,AM,NA
235,NA,NA,NA,Male,26,32,2024-06-09,AM,2024-06-18,AM,NA
236,2024-05-03,2024-05-29,0.853,Male,26,32,2024-06-10,PM,2024-06-19,AM,NA
238,2024-05-03,2024-05-29,0.98,Male,26,32,2024-06-12,AM,2024-06-19,AM,NA
239,2024-05-03,2024-05-29,0.904,Male,26,32,2024-06-09,PM,2024-06-17,PM,NA
244,2024-05-03,2024-05-29,0.781,Male,26,32,2024-06-09,PM,2024-06-18,AM,NA
302,2024-05-03,2024-05-30,0.959,Male,26,32,2024-06-11,PM,2024-06-19,PM,NA
304,2024-05-03,2024-05-30,0.625,Male,26,32,2024-06-12,AM,2024-06-18,PM,NA
310,2024-05-03,2024-05-30,0.736,Male,26,32,2024-06-12,AM,2024-06-18,AM,NA
350,2024-05-03,2024-05-31,0.858,Male,26,32,2024-06-11,PM,2024-06-18,PM,NA
351,2024-05-03,2024-05-31,0.908,Male,26,32,2024-06-12,PM,2024-06-22,AM,NA
352,2024-05-03,2024-05-31,0.711,Male,26,32,2024-06-11,PM,2024-06-18,PM,NA
361,2024-05-03,2024-05-31,0.915,Male,26,32,2024-06-12,PM,2024-06-20,AM,NA
370,2024-05-03,2024-05-31,1.016,Male,26,32,2024-06-13,AM,2024-06-22,AM,NA
372,2024-05-03,2024-05-31,0.994,Male,26,32,2024-06-13,PM,2024-06-21,AM,NA
397,2024-05-03,2024-06-01,1.011,Male,26,32,2024-06-14,PM,2024-06-22,PM,NA
404,2024-05-03,2024-06-01,0.924,Male,26,32,2024-06-12,PM,2024-06-21,AM,NA
431,2024-05-03,2024-06-02,0.832,Male,26,32,2024-06-12,PM,2024-06-22,AM,NA
144,2024-05-03,2024-05-28,0.824,Male,26,35,2024-06-08,PM,2024-06-16,AM,NA
145,2024-05-03,2024-05-28,0.718,Male,26,35,2024-06-09,PM,2024-06-15,PM,NA
148,2024-05-03,2024-05-28,1.049,Male,26,35,2024-06-08,PM,2024-06-16,AM,NA
209,2024-05-03,2024-05-29,0.785,Male,26,35,2024-06-09,PM,2024-06-16,AM,NA
211,2024-05-03,2024-05-29,0.876,Male,26,35,2024-06-09,PM,2024-06-16,PM,NA
213,2024-05-03,2024-05-29,0.863,Male,26,35,2024-06-11,AM,2024-06-16,PM,NA
214,2024-05-03,2024-05-29,0.834,Male,26,35,2024-06-12,PM,2024-06-18,AM,NA
221,2024-05-03,2024-05-29,0.935,Male,26,35,2024-06-11,PM,NA,NA,couldn't find
225,2024-05-03,2024-05-29,0.9,Male,26,35,2024-06-10,AM,2024-06-17,PM,NA
228,2024-05-03,2024-05-29,0.592,Male,26,35,2024-06-10,AM,2024-06-16,PM,NA
229,2024-05-03,2024-05-29,0.89,Male,26,35,2024-06-10,PM,2024-06-18,AM,NA
234,2024-05-03,2024-05-29,1.021,Male,26,35,2024-06-09,PM,2024-06-15,AM,NA
307,2024-05-03,2024-05-30,0.87,Male,26,35,2024-06-12,AM,2024-06-19,AM,NA
311,2024-05-03,2024-05-30,0.733,Male,26,35,2024-06-11,PM,2024-06-18,AM,NA
314,2024-05-03,2024-05-30,0.646,Male,26,35,2024-06-11,AM,2024-06-18,AM,NA
318,2024-05-03,2024-05-30,0.716,Male,26,35,2024-06-12,PM,2024-06-18,AM,NA
319,2024-05-03,2024-05-30,0.988,Male,26,35,2024-06-12,PM,2024-06-18,AM,NA
320,2024-05-03,2024-05-30,0.808,Male,26,35,2024-06-11,PM,2024-06-16,PM,NA
321,2024-05-03,2024-05-30,0.895,Male,26,35,2024-06-10,PM,2024-06-14,AM,NA
323,2024-05-03,2024-05-30,0.807,Male,26,35,2024-06-10,PM,2024-06-15,PM,NA
324,2024-05-03,2024-05-30,0.846,Male,26,35,2024-06-12,PM,2024-06-18,PM,NA
346,2024-05-03,2024-05-31,0.701,Male,26,35,2024-06-12,AM,2024-06-17,AM,NA
358,2024-05-03,2024-05-31,0.911,Male,26,35,2024-06-12,AM,2024-06-16,PM,NA
368,2024-05-03,2024-05-31,0.892,Male,26,35,2024-06-13,AM,2024-06-19,PM,NA
403,2024-05-03,2024-06-01,0.658,Male,26,35,2024-06-14,PM,2024-06-19,PM,NA
486,NA,NA,NA,Male,26,35,2024-06-16,AM,2024-06-22,AM,NA
1,2024-05-03,2024-05-23,0.558,Male,29,26,2024-06-03,AM,2024-06-13,AM,NA
5,2024-05-03,2024-05-24,0.717,Male,29,26,2024-06-03,PM,2024-06-15,AM,NA
16,NA,NA,NA,Male,29,26,2024-06-05,PM,2024-06-15,AM,NA
22,2024-05-03,2024-05-25,0.868,Male,29,26,2024-06-05,AM,2024-06-14,AM,NA
23,2024-05-03,2024-05-25,0.754,Male,29,26,2024-06-04,PM,2024-06-14,PM,NA
27,NA,NA,NA,Male,29,26,2024-06-05,PM,2024-06-18,AM,NA
29,2024-05-03,2024-05-25,0.81,Male,29,26,2024-06-04,AM,2024-06-14,PM,NA
30,2024-05-03,2024-05-25,0.688,Male,29,26,2024-06-04,PM,2024-06-14,PM,NA
36,2024-05-03,2024-05-26,0.877,Male,29,26,2024-06-06,AM,2024-06-17,PM,NA
39,2024-05-03,2024-05-26,0.741,Male,29,26,2024-06-06,AM,2024-06-17,AM,NA
41,2024-05-03,2024-05-26,0.898,Male,29,26,2024-06-06,PM,2024-06-17,PM,NA
42,NA,NA,NA,Male,29,26,2024-06-05,PM,2024-06-14,PM,NA
48,2024-05-03,2024-05-26,0.905,Male,29,26,2024-06-06,PM,2024-06-17,AM,NA
49,2024-05-03,2024-05-26,0.783,Male,29,26,2024-06-06,AM,2024-06-15,PM,NA
50,2024-05-03,2024-05-26,0.921,Male,29,26,2024-06-06,AM,2024-06-15,AM,NA
54,2024-05-03,2024-05-26,0.926,Male,29,26,2024-06-06,AM,2024-06-17,AM,NA
77,2024-05-03,2024-05-27,0.798,Male,29,26,2024-06-06,PM,2024-06-18,PM,NA
80,2024-05-03,2024-05-27,0.944,Male,29,26,2024-06-07,AM,2024-06-17,PM,NA
81,2024-05-03,2024-05-27,0.654,Male,29,26,2024-06-06,PM,2024-06-16,AM,NA
85,2024-05-03,2024-05-27,0.759,Male,29,26,2024-06-07,AM,2024-06-18,PM,NA
106,2024-05-03,2024-05-28,1.209,Male,29,26,2024-06-08,PM,2024-06-20,AM,NA
109,2024-05-03,2024-05-28,0.884,Male,29,26,2024-06-08,PM,2024-06-21,AM,NA
111,2024-05-03,2024-05-28,0.768,Male,29,26,2024-06-07,AM,2024-06-17,AM,NA
114,2024-05-03,2024-05-28,1.168,Male,29,26,2024-06-07,PM,2024-06-17,PM,NA
131,2024-05-03,2024-05-28,0.93,Male,29,26,2024-06-07,AM,2024-06-18,AM,NA
137,2024-05-03,2024-05-28,0.96,Male,29,26,2024-06-07,PM,2024-06-18,PM,NA
142,2024-05-03,2024-05-28,0.832,Male,29,26,2024-06-07,PM,2024-06-19,PM,NA
161,2024-05-03,2024-05-29,0.92,Male,29,26,2024-06-08,PM,2024-06-20,AM,NA
166,2024-05-03,2024-05-29,0.988,Male,29,26,2024-06-08,PM,2024-06-20,AM,NA
188,2024-05-03,2024-05-29,0.809,Male,29,26,2024-06-08,PM,2024-06-19,PM,NA
2,2024-05-03,2024-05-23,0.765,Male,29,29,2024-06-03,AM,2024-06-15,PM,NA
6,2024-05-03,2024-05-24,0.748,Male,29,29,2024-06-04,AM,2024-06-15,PM,NA
10,NA,NA,NA,Male,29,29,2024-06-05,PM,2024-06-18,AM,NA
14,2024-05-03,2024-05-25,0.9,Male,29,29,2024-06-05,AM,2024-06-13,PM,NA
15,2024-05-03,2024-05-25,0.751,Male,29,29,2024-06-05,AM,2024-06-16,AM,NA
25,2024-05-03,2024-05-25,0.688,Male,29,29,2024-06-04,PM,2024-06-15,PM,NA
35,NA,NA,NA,Male,29,29,2024-06-05,PM,2024-06-18,AM,NA
44,NA,NA,NA,Male,29,29,2024-06-05,PM,2024-06-16,AM,NA
45,2024-05-03,2024-05-26,0.945,Male,29,29,2024-06-06,AM,2024-06-18,AM,NA
55,2024-05-03,2024-05-26,0.87,Male,29,29,2024-06-05,AM,2024-06-16,PM,NA
58,2024-05-03,2024-05-26,0.859,Male,29,29,2024-06-06,AM,2024-06-16,PM,NA
59,2024-05-03,2024-05-26,0.798,Male,29,29,2024-06-06,AM,2024-06-17,PM,NA
60,2024-05-03,2024-05-26,0.845,Male,29,29,2024-06-06,PM,2024-06-18,AM,NA
66,2024-05-03,2024-05-26,0.948,Male,29,29,2024-06-06,PM,2024-06-17,PM,NA
69,2024-05-03,2024-05-26,0.637,Male,29,29,2024-06-06,AM,2024-06-16,PM,NA
70,2024-05-03,2024-05-26,0.954,Male,29,29,2024-06-06,PM,2024-06-21,PM,NA
76,2024-05-03,2024-05-27,0.967,Male,29,29,2024-06-07,PM,2024-06-19,AM,NA
86,2024-05-03,2024-05-27,0.801,Male,29,29,2024-06-06,AM,2024-06-17,AM,NA
88,2024-05-03,2024-05-27,0.755,Male,29,29,2024-06-07,AM,2024-06-18,AM,NA
90,2024-05-03,2024-05-27,0.8,Male,29,29,2024-06-07,AM,2024-06-18,PM,NA
92,2024-05-03,2024-05-27,0.865,Male,29,29,2024-06-06,PM,2024-06-16,PM,NA
100,2024-05-03,2024-05-28,0.709,Male,29,29,2024-06-07,PM,2024-06-17,PM,NA
110,2024-05-03,2024-05-28,1.174,Male,29,29,2024-06-08,PM,2024-06-17,PM,NA
115,2024-05-03,2024-05-28,0.715,Male,29,29,2024-06-07,AM,2024-06-17,PM,NA
118,2024-05-03,2024-05-28,1.05,Male,29,29,2024-06-08,PM,2024-06-21,AM,NA
132,2024-05-03,2024-05-28,0.828,Male,29,29,2024-06-07,PM,2024-06-18,AM,NA
140,2024-05-03,2024-05-28,0.915,Male,29,29,2024-06-07,AM,2024-06-19,PM,NA
198,2024-05-03,2024-05-29,0.857,Male,29,29,2024-06-08,PM,2024-06-21,AM,NA
199,2024-05-03,2024-05-29,0.905,Male,29,29,2024-06-08,PM,2024-06-19,AM,NA
254,NA,NA,NA,Male,29,29,2024-06-09,AM,2024-06-19,PM,NA
3,2024-05-03,2024-05-23,0.621,Male,29,32,2024-06-03,AM,2024-06-13,PM,1 degree cooler until 6/4 10am
7,2024-05-03,2024-05-24,0.557,Male,29,32,2024-06-03,AM,2024-06-10,AM,1 degree cooler until 6/4 10am
11,2024-05-03,2024-05-25,0.809,Male,29,32,2024-06-04,AM,2024-06-13,AM,1 degree cooler until 6/4 10am
19,2024-05-03,2024-05-25,0.76,Male,29,32,2024-06-04,PM,2024-06-11,PM,1 degree cooler until 6/4 10am
20,2024-05-03,2024-05-25,0.788,Male,29,32,2024-06-05,PM,2024-06-15,AM,NA
24,2024-05-03,2024-05-25,0.606,Male,29,32,2024-06-06,AM,2024-06-13,AM,NA
26,2024-05-03,2024-05-25,0.754,Male,29,32,2024-06-05,PM,2024-06-15,PM,NA
31,2024-05-03,2024-05-25,0.783,Male,29,32,2024-06-04,AM,2024-06-12,PM,1 degree cooler until 6/4 10am
37,2024-05-03,2024-05-26,0.894,Male,29,32,2024-06-05,PM,2024-06-15,AM,NA
51,2024-05-03,2024-05-26,0.917,Male,29,32,2024-06-05,PM,2024-06-14,AM,NA
57,2024-05-03,2024-05-26,0.717,Male,29,32,2024-06-06,AM,2024-06-15,PM,NA
62,2024-05-03,2024-05-26,0.712,Male,29,32,2024-06-06,AM,2024-06-16,AM,NA
63,2024-05-03,2024-05-26,0.83,Male,29,32,2024-06-06,AM,2024-06-14,AM,NA
67,2024-05-03,2024-05-26,0.748,Male,29,32,2024-06-06,AM,2024-06-15,AM,NA
68,2024-05-03,2024-05-26,0.892,Male,29,32,2024-06-06,PM,NA,NA,NA
75,2024-05-03,2024-05-27,0.802,Male,29,32,2024-06-07,AM,2024-06-16,AM,NA
79,2024-05-03,2024-05-27,0.808,Male,29,32,2024-06-07,AM,2024-06-13,PM,NA
83,2024-05-03,2024-05-27,0.884,Male,29,32,2024-06-06,PM,2024-06-14,AM,NA
84,2024-05-03,2024-05-27,0.93,Male,29,32,2024-06-07,PM,2024-06-16,PM,NA
87,2024-05-03,2024-05-27,0.969,Male,29,32,2024-06-06,PM,2024-06-17,AM,NA
98,2024-05-03,2024-05-27,0.857,Male,29,32,2024-06-07,PM,2024-06-15,PM,NA
99,2024-05-03,2024-05-28,0.97,Male,29,32,2024-06-07,AM,2024-06-17,AM,NA
121,2024-05-03,2024-05-28,0.898,Male,29,32,2024-06-07,AM,2024-06-17,PM,NA
127,2024-05-03,2024-05-28,0.973,Male,29,32,2024-06-08,PM,2024-06-17,AM,NA
134,2024-05-03,2024-05-28,1.093,Male,29,32,2024-06-08,PM,2024-06-17,PM,NA
135,2024-05-03,2024-05-28,0.964,Male,29,32,2024-06-07,PM,2024-06-15,AM,NA
136,2024-05-03,2024-05-28,1.013,Male,29,32,2024-06-07,PM,2024-06-18,PM,NA
139,2024-05-03,2024-05-28,0.973,Male,29,32,2024-06-08,PM,2024-06-16,AM,NA
141,2024-05-03,2024-05-28,0.857,Male,29,32,2024-06-08,PM,2024-06-18,PM,NA
169,NA,NA,NA,Male,29,32,2024-06-09,AM,2024-06-18,AM,NA
4,2024-05-03,2024-05-23,0.612,Male,29,35,2024-06-03,AM,2024-06-10,AM,NA
12,NA,NA,NA,Male,29,35,2024-06-05,PM,2024-06-13,AM,NA
13,NA,NA,NA,Male,29,35,2024-06-05,PM,2024-06-12,AM,NA
17,2024-05-03,2024-05-25,0.717,Male,29,35,2024-06-04,PM,2024-06-14,AM,NA
18,2024-05-03,2024-05-25,0.765,Male,29,35,2024-06-04,PM,2024-06-13,PM,NA
21,2024-05-03,2024-05-25,0.831,Male,29,35,2024-06-04,PM,2024-06-11,PM,NA
28,2024-05-03,2024-05-25,0.767,Male,29,35,2024-06-04,AM,2024-06-10,AM,NA
34,2024-05-03,2024-05-26,0.963,Male,29,35,2024-06-06,PM,2024-06-13,AM,NA
38,NA,NA,NA,Male,29,35,2024-06-05,PM,2024-06-12,PM,NA
40,2024-05-03,2024-05-26,0.913,Male,29,35,2024-06-06,AM,2024-06-13,AM,NA
43,2024-05-03,2024-05-26,0.841,Male,29,35,2024-06-06,AM,2024-06-13,AM,NA
46,2024-05-03,2024-05-26,0.861,Male,29,35,2024-06-06,AM,2024-06-13,AM,NA
52,2024-05-03,2024-05-26,0.924,Male,29,35,2024-06-06,AM,2024-06-14,PM,NA
56,NA,NA,NA,Male,29,35,2024-06-05,PM,2024-06-12,PM,NA
64,2024-05-03,2024-05-26,0.99,Male,29,35,2024-06-06,PM,2024-06-12,PM,NA
65,2024-05-03,2024-05-26,0.847,Male,29,35,2024-06-06,AM,2024-06-13,AM,NA
73,2024-05-03,2024-05-27,0.911,Male,29,35,2024-06-07,AM,2024-06-16,AM,NA
74,2024-05-03,2024-05-27,0.919,Male,29,35,2024-06-07,AM,2024-06-14,AM,NA
78,2024-05-03,2024-05-27,0.825,Male,29,35,2024-06-07,AM,2024-06-14,AM,NA
82,2024-05-03,2024-05-27,0.676,Male,29,35,2024-06-06,AM,2024-06-12,PM,NA
89,2024-05-03,2024-05-27,0.943,Male,29,35,2024-06-06,PM,2024-06-15,AM,NA
97,2024-05-03,2024-05-27,0.854,Male,29,35,2024-06-06,PM,2024-06-15,AM,NA
105,2024-05-03,2024-05-28,0.964,Male,29,35,2024-06-07,PM,2024-06-15,AM,NA
107,2024-05-03,2024-05-28,0.895,Male,29,35,2024-06-08,PM,2024-06-16,AM,NA
113,2024-05-03,2024-05-28,1.057,Male,29,35,2024-06-07,PM,2024-06-13,AM,NA
116,2024-05-03,2024-05-28,1.03,Male,29,35,2024-06-08,PM,2024-06-16,AM,NA
123,2024-05-03,2024-05-28,0.797,Male,29,35,2024-06-07,AM,2024-06-14,AM,NA
128,2024-05-03,2024-05-28,0.723,Male,29,35,2024-06-08,PM,2024-06-15,AM,NA
138,2024-05-03,2024-05-28,1.002,Male,29,35,2024-06-07,AM,2024-06-14,AM,NA
193,2024-05-03,2024-05-29,0.901,Male,29,35,2024-06-09,AM,2024-06-14,PM,NA
205,NA,NA,NA,Male,29,35,2024-06-09,AM,2024-06-16,AM,NA
263,NA,NA,NA,Male,29,35,2024-06-09,AM,2024-06-15,AM,NA
266,2024-05-03,2024-05-30,0.94,Male,29,35,2024-06-08,PM,2024-06-13,AM,NA
535,2024-05-03,2024-06-04,0.803,Female,23,26,2024-06-15,AM,NA,NA,NA
633,2024-05-03,2024-06-06,2.548,Female,23,26,2024-06-18,AM,2024-06-28,AM,NA
658,2024-05-03,2024-06-07,1.967,Female,23,26,2024-06-19,PM,2024-07-04,AM,NA
661,2024-05-03,2024-06-07,2.237,Female,23,26,2024-06-19,PM,NA,NA,NA
669,2024-05-03,2024-06-07,2.564,Female,23,26,2024-06-18,PM,NA,NA,NA
671,2024-05-03,2024-06-07,1.067,Female,23,26,2024-06-22,PM,NA,NA,NA
673,2024-05-03,2024-06-07,2.164,Female,23,26,2024-06-18,PM,2024-07-01,AM,NA
676,2024-05-03,2024-06-07,2.273,Female,23,26,2024-06-18,PM,2024-06-30,PM,NA
684,2024-05-03,2024-06-10,2.062,Female,23,26,2024-06-23,PM,2024-07-01,PM,NA
687,2024-05-03,2024-06-10,2.132,Female,23,26,2024-06-22,AM,2024-07-02,AM,NA
690,2024-05-03,2024-06-10,2.618,Female,23,26,2024-06-23,PM,2024-07-01,PM,NA
691,2024-05-03,2024-06-10,2.344,Female,23,26,2024-06-21,PM,2024-06-29,PM,NA
696,2024-05-03,2024-06-10,2.447,Female,23,26,2024-06-22,AM,2024-07-06,AM,NA
697,2024-05-03,2024-06-10,3.045,Female,23,26,2024-06-23,PM,2024-07-03,PM,NA
700,NA,NA,NA,Female,23,26,2024-06-24,PM,2024-07-04,AM,NA
721,2024-05-03,2024-06-10,2.529,Female,23,26,2024-06-22,PM,2024-07-02,PM,NA
723,2024-05-03,2024-06-10,2.085,Female,23,26,2024-06-21,PM,2024-06-27,AM,NA
726,2024-05-03,2024-06-10,1.871,Female,23,26,2024-06-21,PM,2024-07-02,PM,NA
728,2024-05-03,2024-06-10,2.454,Female,23,26,2024-06-21,PM,2024-07-01,PM,NA
731,2024-05-03,2024-06-10,3.097,Female,23,26,2024-06-22,PM,2024-07-01,AM,NA
732,2024-05-03,2024-06-10,2.523,Female,23,26,2024-06-20,PM,2024-07-07,PM,NA
741,2024-05-03,2024-06-10,2.745,Female,23,26,2024-06-22,PM,2024-06-28,PM,NA
746,2024-05-03,2024-06-10,2.537,Female,23,26,2024-06-21,PM,2024-07-04,AM,NA
758,2024-05-03,2024-06-10,1.876,Female,23,26,2024-06-20,PM,2024-07-03,PM,NA
762,2024-05-03,2024-06-10,3.039,Female,23,26,2024-06-22,PM,2024-07-04,AM,NA
766,2024-05-03,2024-06-10,1.513,Female,23,26,2024-06-20,PM,2024-07-05,PM,NA
771,2024-05-03,2024-06-10,2.433,Female,23,26,2024-06-21,PM,2024-07-07,AM,NA
778,NA,NA,NA,Female,23,26,2024-06-24,PM,2024-07-01,PM,NA
797,NA,NA,NA,Female,23,26,2024-06-29,PM,2024-07-05,AM,NA
551,2024-05-03,2024-06-04,0.946,Female,23,29,2024-06-16,PM,2024-06-29,AM,NA
629,2024-05-03,2024-06-06,2.512,Female,23,29,2024-06-18,PM,2024-06-25,PM,NA
657,2024-05-03,2024-06-07,2.276,Female,23,29,2024-06-20,PM,2024-07-01,AM,NA
666,2024-05-03,2024-06-07,1.683,Female,23,29,2024-06-19,AM,2024-06-29,PM,NA
677,2024-05-03,2024-06-07,1.71,Female,23,29,2024-06-18,PM,2024-06-24,AM,NA
678,2024-05-03,2024-06-07,1.974,Female,23,29,2024-06-18,AM,2024-06-28,PM,NA
686,2024-05-03,2024-06-10,2.086,Female,23,29,2024-06-21,PM,2024-06-26,AM,NA
698,2024-05-03,2024-06-10,2.513,Female,23,29,2024-06-21,PM,2024-07-02,PM,NA
701,2024-05-03,2024-06-10,2.855,Female,23,29,2024-06-22,AM,2024-07-06,PM,NA
703,2024-05-03,2024-06-10,2.181,Female,23,29,2024-06-21,AM,2024-07-04,PM,NA
705,2024-05-03,2024-06-10,2.05,Female,23,29,2024-06-21,PM,2024-06-28,PM,NA
706,2024-05-03,2024-06-10,2.532,Female,23,29,2024-06-22,AM,2024-07-03,PM,NA
708,NA,NA,NA,Female,23,29,2024-06-24,PM,2024-07-04,AM,NA
709,2024-05-03,2024-06-10,1.65,Female,23,29,2024-06-21,PM,2024-07-04,AM,NA
711,2024-05-03,2024-06-10,3.188,Female,23,29,2024-06-23,AM,2024-07-04,AM,NA
715,2024-05-03,2024-06-10,2.573,Female,23,29,2024-06-22,PM,2024-07-03,PM,NA
727,2024-05-03,2024-06-10,2.572,Female,23,29,2024-06-22,PM,2024-07-01,AM,NA
730,2024-05-03,2024-06-10,2.141,Female,23,29,2024-06-21,PM,2024-06-28,AM,NA
739,2024-05-03,2024-06-10,2.72,Female,23,29,2024-06-22,PM,2024-06-28,PM,NA
742,2024-05-03,2024-06-10,2.681,Female,23,29,2024-06-21,PM,2024-07-02,AM,NA
755,2024-05-03,2024-06-10,2.935,Female,23,29,2024-06-22,AM,2024-07-04,AM,NA
756,2024-05-03,2024-06-10,3.462,Female,23,29,2024-06-23,PM,2024-07-01,PM,NA
760,2024-05-03,2024-06-10,1.81,Female,23,29,2024-06-20,PM,2024-06-28,PM,NA
761,2024-05-03,2024-06-10,2.272,Female,23,29,2024-06-22,PM,2024-07-01,PM,NA
763,2024-05-03,2024-06-10,1.969,Female,23,29,2024-06-19,PM,NA,NA,Missing
767,2024-05-03,2024-06-10,2.431,Female,23,29,2024-06-23,PM,2024-07-01,AM,NA
774,NA,NA,NA,Female,23,29,2024-06-24,AM,2024-07-02,PM,Mold
786,NA,NA,NA,Female,23,29,2024-06-26,AM,2024-07-02,AM,NA
787,NA,NA,NA,Female,23,29,2024-06-24,PM,2024-07-01,PM,NA
793,NA,NA,NA,Female,23,29,2024-06-27,AM,2024-07-04,PM,NA
626,2024-05-03,2024-06-06,1.46,Female,23,32,2024-06-18,PM,2024-06-28,PM,NA
662,2024-05-03,2024-06-07,2.589,Female,23,32,2024-06-19,AM,2024-06-30,AM,NA
664,2024-05-03,2024-06-07,2.509,Female,23,32,2024-06-20,AM,2024-06-26,PM,NA
675,2024-05-03,2024-06-07,2.395,Female,23,32,2024-06-18,PM,2024-06-25,PM,NA
683,2024-05-03,2024-06-10,3.035,Female,23,32,2024-06-21,PM,2024-06-30,AM,NA
688,2024-05-03,2024-06-10,1.862,Female,23,32,2024-06-19,PM,2024-06-27,PM,NA
692,2024-05-03,2024-06-10,2.733,Female,23,32,2024-06-22,AM,2024-06-28,AM,NA
702,2024-05-03,2024-06-10,2.114,Female,23,32,2024-06-21,PM,2024-06-26,PM,NA
712,2024-05-03,2024-06-10,2.443,Female,23,32,2024-06-21,PM,2024-06-28,AM,NA
713,2024-05-03,2024-06-10,3.287,Female,23,32,2024-06-23,PM,2024-06-27,PM,NA
716,2024-05-03,2024-06-10,3.109,Female,23,32,2024-06-22,PM,2024-07-02,AM,NA
718,2024-05-03,2024-06-10,2.101,Female,23,32,2024-06-23,AM,2024-07-04,AM,NA
719,2024-05-03,2024-06-10,2.163,Female,23,32,2024-06-21,PM,2024-06-29,PM,NA
720,2024-05-03,2024-06-10,2.332,Female,23,32,2024-06-20,PM,2024-06-27,AM,NA
722,2024-05-03,2024-06-10,2.404,Female,23,32,2024-06-21,PM,2024-06-28,PM,NA
734,2024-05-03,2024-06-10,3.015,Female,23,32,2024-06-22,PM,2024-06-28,AM,NA
736,2024-05-03,2024-06-10,2.843,Female,23,32,2024-06-23,PM,2024-06-29,AM,mold
737,2024-05-03,2024-06-10,2.044,Female,23,32,2024-06-20,PM,2024-07-01,AM,NA
738,2024-05-03,2024-06-10,2.323,Female,23,32,2024-06-22,PM,2024-06-30,AM,NA
743,2024-05-03,2024-06-10,2.449,Female,23,32,2024-06-19,AM,2024-06-27,AM,mold
744,2024-05-03,2024-06-10,2.467,Female,23,32,2024-06-21,PM,2024-06-27,PM,NA
752,2024-05-03,2024-06-10,1.923,Female,23,32,2024-06-20,PM,2024-06-27,AM,NA
765,2024-05-03,2024-06-10,2.381,Female,23,32,2024-06-22,PM,2024-07-02,AM,NA
768,2024-05-03,2024-06-10,2.255,Female,23,32,2024-06-20,PM,2024-07-01,AM,NA
770,2024-05-03,2024-06-10,1.367,Female,23,32,2024-06-22,AM,2024-06-30,PM,NA
775,NA,NA,NA,Female,23,32,2024-06-25,AM,2024-07-05,PM,NA
781,NA,NA,NA,Female,23,32,2024-06-25,AM,2024-06-29,PM,NA
782,NA,NA,NA,Female,23,32,2024-06-17,PM,2024-06-30,AM,NA
788,NA,NA,NA,Female,23,32,2024-06-26,AM,2024-07-04,AM,NA
795,NA,NA,NA,Female,23,32,2024-06-27,PM,2024-07-02,AM,NA
537,NA,NA,NA,Female,23,35,2024-06-16,AM,2024-06-22,AM,NA
625,2024-05-03,2024-06-06,2.717,Female,23,35,2024-06-19,AM,2024-06-24,AM,NA
630,2024-05-03,2024-06-06,2.093,Female,23,35,2024-06-18,PM,2024-07-02,AM,Removed after first zero: Mold growing on Moth
656,2024-05-03,2024-06-07,2.896,Female,23,35,2024-06-21,AM,2024-06-26,PM,NA
680,2024-05-03,2024-06-07,2.502,Female,23,35,2024-06-18,PM,2024-06-25,AM,NA
689,2024-05-03,2024-06-10,1.598,Female,23,35,2024-06-22,AM,2024-06-25,AM,NA
695,2024-05-03,2024-06-10,2.093,Female,23,35,2024-06-22,PM,2024-06-29,PM,NA
699,2024-05-03,2024-06-10,0.927,Female,23,35,2024-06-19,PM,2024-06-22,PM,NA
710,2024-05-03,2024-06-10,1.969,Female,23,35,2024-06-21,PM,2024-06-29,AM,Removed after first zero: Mold growing on Moth
714,2024-05-03,2024-06-10,3.234,Female,23,35,2024-06-21,PM,2024-06-29,AM,NA
717,2024-05-03,2024-06-10,2.482,Female,23,35,2024-06-21,PM,2024-06-25,AM,NA
724,2024-05-03,2024-06-10,1.87,Female,23,35,2024-06-20,PM,2024-06-25,AM,NA
725,2024-05-03,2024-06-10,2.26,Female,23,35,2024-06-20,PM,2024-06-24,PM,NA
729,2024-05-03,2024-06-10,2.45,Female,23,35,2024-06-22,AM,2024-06-26,PM,NA
733,2024-05-03,2024-06-10,2.986,Female,23,35,2024-06-21,PM,2024-06-25,PM,NA
740,2024-05-03,2024-06-10,3.193,Female,23,35,2024-06-22,PM,2024-06-28,PM,NA
748,2024-05-03,2024-06-10,3.017,Female,23,35,2024-06-22,PM,2024-06-26,PM,NA
753,2024-05-03,2024-06-10,2.718,Female,23,35,2024-06-19,PM,2024-06-22,PM,NA
754,2024-05-03,2024-06-10,2.111,Female,23,35,2024-06-22,PM,2024-06-28,PM,NA
759,2024-05-03,2024-06-10,2.869,Female,23,35,2024-06-21,PM,2024-06-25,PM,NA
764,2024-05-03,2024-06-10,2.315,Female,23,35,2024-06-23,AM,2024-06-28,PM,NA
769,2024-05-03,2024-06-10,2.437,Female,23,35,2024-06-21,PM,2024-06-25,PM,NA
776,2024-05-03,2024-06-11,2.522,Female,23,35,2024-06-23,PM,2024-06-30,AM,NA
777,NA,NA,NA,Female,23,35,2024-06-25,PM,2024-06-30,AM,NA
780,NA,NA,NA,Female,23,35,2024-06-26,PM,2024-07-01,PM,NA
789,2024-05-03,2024-06-12,2.992,Female,23,35,2024-06-23,PM,2024-06-28,AM,NA
791,2024-05-03,2024-06-13,2.862,Female,23,35,2024-06-24,AM,2024-06-29,AM,NA
794,NA,NA,NA,Female,23,35,2024-06-25,PM,2024-06-30,AM,NA
366,2024-05-03,2024-05-31,2.591,Female,26,26,2024-06-09,PM,2024-06-18,PM,NA
389,2024-05-03,2024-06-01,1.99,Female,26,26,2024-06-11,PM,2024-06-20,AM,NA
392,2024-05-03,2024-06-01,2.353,Female,26,26,2024-06-13,AM,2024-06-20,AM,NA
394,2024-05-03,2024-06-01,2.302,Female,26,26,2024-06-12,PM,2024-06-20,PM,NA
409,2024-05-03,2024-06-01,2.288,Female,26,26,2024-06-12,PM,2024-06-19,PM,NA
411,2024-05-03,2024-06-01,1.486,Female,26,26,2024-06-10,PM,2024-06-20,AM,NA
415,2024-05-03,2024-06-01,2.24,Female,26,26,2024-06-12,PM,2024-06-20,PM,NA
418,2024-05-03,2024-06-01,2.765,Female,26,26,2024-06-12,AM,2024-06-19,AM,NA
435,2024-05-03,2024-06-02,1.588,Female,26,26,2024-06-11,PM,2024-06-22,AM,NA
437,2024-05-03,2024-06-02,1.591,Female,26,26,2024-06-10,AM,2024-06-15,AM,NA
439,2024-05-03,2024-06-02,2.165,Female,26,26,2024-06-12,PM,2024-06-18,AM,NA
443,2024-05-03,2024-06-02,2.674,Female,26,26,2024-06-12,PM,2024-06-18,AM,NA
449,2024-05-03,2024-06-02,2.29,Female,26,26,2024-06-11,PM,2024-06-18,PM,NA
451,2024-05-03,2024-06-02,2.398,Female,26,26,2024-06-13,AM,2024-06-26,AM,NA
453,2024-05-03,2024-06-02,2.67,Female,26,26,2024-06-11,PM,2024-06-18,AM,NA
455,2024-05-03,2024-06-02,2.015,Female,26,26,2024-06-12,PM,2024-06-24,AM,NA
469,2024-05-03,2024-06-02,2.791,Female,26,26,2024-06-14,PM,2024-06-23,PM,NA
474,2024-05-03,2024-06-02,2.892,Female,26,26,2024-06-12,PM,2024-06-19,PM,NA
480,2024-05-03,2024-06-02,2.828,Female,26,26,2024-06-12,PM,2024-06-20,AM,NA
482,2024-05-03,2024-06-02,2.45,Female,26,26,2024-06-13,PM,2024-06-22,PM,NA
485,2024-05-03,2024-06-02,2.547,Female,26,26,2024-06-13,PM,2024-06-23,PM,NA
487,2024-05-03,2024-06-02,2.717,Female,26,26,2024-06-14,PM,2024-06-24,AM,NA
509,2024-05-03,2024-06-03,3.381,Female,26,26,2024-06-14,PM,2024-06-22,PM,NA
511,2024-05-03,2024-06-03,2.646,Female,26,26,2024-06-13,PM,2024-06-22,PM,NA
557,2024-05-03,2024-06-04,3.445,Female,26,26,2024-06-15,PM,2024-06-24,PM,NA
558,2024-05-03,2024-06-04,2.365,Female,26,26,2024-06-14,PM,2024-06-29,AM,NA
560,2024-05-03,2024-06-04,1.85,Female,26,26,2024-06-13,PM,2024-06-20,AM,NA
561,2024-05-03,2024-06-04,2.771,Female,26,26,2024-06-14,PM,2024-07-01,AM,NA
609,2024-05-03,2024-06-05,3.205,Female,26,26,2024-06-15,PM,2024-06-19,PM,NA
623,2024-05-03,2024-06-06,2.636,Female,26,26,2024-06-16,PM,2024-07-01,AM,NA
369,2024-05-03,2024-05-31,1.427,Female,26,29,2024-06-10,AM,2024-06-17,PM,NA
387,2024-05-03,2024-06-01,2.302,Female,26,29,2024-06-12,AM,2024-06-20,AM,NA
391,2024-05-03,2024-06-01,2.613,Female,26,29,2024-06-12,PM,2024-06-20,AM,NA
412,2024-05-03,2024-06-01,2.388,Female,26,29,2024-06-12,PM,2024-06-18,PM,NA
413,2024-05-03,2024-06-01,1.947,Female,26,29,2024-06-11,PM,2024-06-19,PM,NA
417,2024-05-03,2024-06-01,2.681,Female,26,29,2024-06-12,PM,2024-06-18,AM,NA
425,2024-05-03,2024-06-02,2.389,Female,26,29,2024-06-13,PM,2024-06-20,AM,NA
427,2024-05-03,2024-06-02,2.047,Female,26,29,2024-06-12,AM,2024-06-18,PM,NA
429,2024-05-03,2024-06-02,2.022,Female,26,29,2024-06-11,PM,2024-06-15,PM,NA
436,2024-05-03,2024-06-02,2.164,Female,26,29,2024-06-10,AM,2024-06-14,PM,NA
438,2024-05-03,2024-06-02,2.168,Female,26,29,2024-06-11,PM,2024-06-18,PM,NA
440,2024-05-03,2024-06-02,1.65,Female,26,29,2024-06-11,AM,2024-06-17,AM,NA
444,2024-05-03,2024-06-02,3.177,Female,26,29,2024-06-13,PM,2024-06-21,PM,NA
445,2024-05-03,2024-06-02,3.225,Female,26,29,2024-06-14,PM,2024-06-18,AM,NA
448,2024-05-03,2024-06-02,2.165,Female,26,29,2024-06-12,AM,2024-06-19,PM,NA
450,2024-05-03,2024-06-02,2.294,Female,26,29,2024-06-12,PM,2024-06-19,PM,NA
452,2024-05-03,2024-06-02,1.999,Female,26,29,2024-06-11,PM,2024-06-17,PM,NA
463,2024-05-03,2024-06-02,2.25,Female,26,29,2024-06-12,PM,2024-06-20,PM,NA
466,2024-05-03,2024-06-02,2.822,Female,26,29,2024-06-14,PM,2024-06-22,PM,NA
470,2024-05-03,2024-06-02,1.971,Female,26,29,2024-06-12,PM,2024-06-21,PM,NA
471,2024-05-03,2024-06-02,3.028,Female,26,29,2024-06-13,PM,2024-06-23,PM,NA
472,2024-05-03,2024-06-02,1.815,Female,26,29,2024-06-12,PM,2024-06-28,AM,NA
478,2024-05-03,2024-06-02,2.437,Female,26,29,2024-06-12,PM,2024-06-18,PM,NA
507,2024-05-03,2024-06-03,3.245,Female,26,29,2024-06-15,PM,2024-06-25,PM,NA
510,2024-05-03,2024-06-03,2.581,Female,26,29,2024-06-13,PM,2024-06-20,PM,NA
559,2024-05-03,2024-06-04,2.144,Female,26,29,2024-06-14,PM,2024-06-26,PM,NA
562,2024-05-03,2024-06-04,3.516,Female,26,29,2024-06-14,PM,2024-06-25,PM,NA
564,2024-05-03,2024-06-04,2.374,Female,26,29,2024-06-14,PM,2024-06-26,AM,NA
568,2024-05-03,2024-06-04,2.219,Female,26,29,2024-06-15,PM,2024-06-27,AM,NA
615,2024-05-03,2024-06-05,3.603,Female,26,29,2024-06-16,PM,2024-06-23,AM,NA
619,2024-05-03,2024-06-06,3.592,Female,26,29,2024-06-18,PM,2024-06-27,AM,NA
348,2024-05-03,2024-05-31,1.867,Female,26,32,2024-06-09,PM,2024-06-15,PM,NA
383,2024-05-03,2024-06-01,2.88,Female,26,32,2024-06-12,PM,2024-06-21,PM,NA
384,2024-05-03,2024-06-01,2.776,Female,26,32,2024-06-12,AM,2024-06-22,AM,NA
398,2024-05-03,2024-06-01,2.031,Female,26,32,2024-06-12,PM,2024-06-24,AM,NA
399,2024-05-03,2024-06-01,2.322,Female,26,32,2024-06-11,PM,2024-06-18,AM,NA
406,2024-05-03,2024-06-01,1.483,Female,26,32,2024-06-11,PM,2024-06-21,PM,NA
408,2024-05-03,2024-06-01,2.515,Female,26,32,2024-06-12,PM,2024-06-19,PM,NA
416,2024-05-03,2024-06-01,2.047,Female,26,32,2024-06-12,PM,2024-06-18,PM,NA
426,2024-05-03,2024-06-02,1.975,Female,26,32,2024-06-11,PM,2024-06-22,PM,NA
428,2024-05-03,2024-06-02,2.205,Female,26,32,2024-06-11,AM,2024-06-17,AM,NA
430,2024-05-03,2024-06-02,2.407,Female,26,32,2024-06-13,PM,2024-06-21,AM,NA
433,2024-05-03,2024-06-02,2.697,Female,26,32,2024-06-12,PM,2024-06-21,PM,NA
441,2024-05-03,2024-06-02,3.178,Female,26,32,2024-06-14,AM,2024-06-19,PM,NA
456,2024-05-03,2024-06-02,2.685,Female,26,32,2024-06-13,PM,2024-06-18,PM,NA
459,2024-05-03,2024-06-02,2.023,Female,26,32,2024-06-10,PM,2024-06-21,PM,NA
460,2024-05-03,2024-06-02,2.773,Female,26,32,2024-06-12,AM,NA,NA,not in chamber
464,2024-05-03,2024-06-02,2.624,Female,26,32,2024-06-12,AM,2024-06-18,AM,NA
465,2024-05-03,2024-06-02,2.215,Female,26,32,2024-06-12,PM,2024-06-21,PM,NA
468,2024-05-03,2024-06-02,2.138,Female,26,32,2024-06-13,PM,2024-06-17,PM,NA
476,2024-05-03,2024-06-02,2.785,Female,26,32,2024-06-12,PM,2024-06-18,AM,NA
477,2024-05-03,2024-06-02,1.848,Female,26,32,2024-06-11,PM,2024-06-18,PM,NA
479,2024-05-03,2024-06-02,2.787,Female,26,32,2024-06-12,PM,2024-06-19,AM,NA
512,2024-05-03,2024-06-03,3.719,Female,26,32,2024-06-14,PM,2024-06-22,PM,NA
514,2024-05-03,2024-06-03,2.81,Female,26,32,2024-06-14,PM,2024-06-25,AM,NA
539,2024-05-03,2024-06-04,2.546,Female,26,32,2024-06-15,PM,2024-06-24,PM,NA
569,2024-05-03,2024-06-04,3.181,Female,26,32,2024-06-14,PM,2024-06-22,AM,NA
570,2024-05-03,2024-06-04,2.903,Female,26,32,2024-06-14,PM,2024-06-23,PM,NA
610,2024-05-03,2024-06-05,2.188,Female,26,32,2024-06-14,PM,2024-06-20,PM,NA
612,2024-05-03,2024-06-05,2.861,Female,26,32,2024-06-16,PM,2024-06-22,AM,NA
613,2024-05-03,2024-06-05,2.521,Female,26,32,2024-06-15,PM,2024-06-22,PM,NA
624,2024-05-03,2024-06-06,3.199,Female,26,32,2024-06-17,PM,2024-06-26,AM,NA
651,2024-05-03,2024-06-07,4.232,Female,26,32,2024-06-19,PM,2024-06-26,PM,NA
654,2024-05-03,2024-06-07,3.393,Female,26,32,2024-06-18,AM,2024-06-24,PM,NA
354,2024-05-03,2024-05-31,2.21,Female,26,35,2024-06-10,AM,2024-06-16,PM,NA
362,2024-05-03,2024-05-31,2.936,Female,26,35,2024-06-12,AM,2024-06-18,PM,NA
385,2024-05-03,2024-06-01,2.666,Female,26,35,2024-06-12,PM,2024-06-16,AM,NA
388,2024-05-03,2024-06-01,2.041,Female,26,35,2024-06-11,PM,2024-06-18,AM,NA
395,2024-05-03,2024-06-01,3.047,Female,26,35,2024-06-12,PM,2024-06-15,PM,NA
400,2024-05-03,2024-06-01,3.215,Female,26,35,2024-06-12,PM,2024-06-18,PM,NA
401,2024-05-03,2024-06-01,2.244,Female,26,35,2024-06-12,PM,2024-06-20,AM,NA
407,2024-05-03,2024-06-01,2.805,Female,26,35,2024-06-13,AM,2024-06-17,AM,NA
410,2024-05-03,2024-06-01,2.297,Female,26,35,2024-06-12,PM,2024-06-18,AM,NA
419,2024-05-03,2024-06-01,1.788,Female,26,35,2024-06-11,PM,2024-06-17,AM,NA
424,2024-05-03,2024-06-02,1.61,Female,26,35,2024-06-10,PM,2024-06-16,PM,NA
432,2024-05-03,2024-06-02,3.467,Female,26,35,2024-06-13,PM,2024-06-18,AM,NA
442,2024-05-03,2024-06-02,2.183,Female,26,35,2024-06-12,PM,2024-06-17,AM,NA
446,2024-05-03,2024-06-02,2.086,Female,26,35,2024-06-12,AM,2024-06-18,PM,NA
447,2024-05-03,2024-06-02,2.776,Female,26,35,2024-06-13,PM,2024-06-18,PM,NA
454,2024-05-03,2024-06-02,2.622,Female,26,35,2024-06-13,PM,2024-06-18,PM,NA
457,2024-05-03,2024-06-02,2.436,Female,26,35,2024-06-14,PM,2024-06-18,PM,NA
458,2024-05-03,2024-06-02,1.726,Female,26,35,2024-06-12,AM,2024-06-18,PM,NA
462,2024-05-03,2024-06-02,2.179,Female,26,35,2024-06-12,PM,2024-06-18,AM,NA
467,2024-05-03,2024-06-02,2.449,Female,26,35,2024-06-12,PM,2024-06-17,AM,NA
473,2024-05-03,2024-06-02,2.529,Female,26,35,2024-06-13,PM,2024-06-16,PM,mold
475,2024-05-03,2024-06-02,2.065,Female,26,35,2024-06-12,PM,2024-06-18,AM,NA
481,2024-05-03,2024-06-02,2.926,Female,26,35,2024-06-14,PM,2024-06-21,PM,NA
484,2024-05-03,2024-06-02,3.125,Female,26,35,2024-06-14,PM,2024-06-20,PM,NA
508,2024-05-03,2024-06-03,2.609,Female,26,35,2024-06-14,AM,2024-06-20,PM,NA
513,2024-05-03,2024-06-03,2.749,Female,26,35,2024-06-14,PM,2024-06-20,AM,NA
565,2024-05-03,2024-06-04,2.817,Female,26,35,2024-06-15,AM,2024-06-21,AM,NA
566,NA,NA,NA,Female,26,35,2024-06-16,AM,2024-06-22,AM,NA
611,2024-05-03,2024-06-05,2.425,Female,26,35,2024-06-15,PM,2024-06-22,AM,NA
617,2024-05-03,2024-06-05,2.98,Female,26,35,2024-06-15,PM,2024-06-18,PM,NA
618,2024-05-03,2024-06-06,3.923,Female,26,35,2024-06-18,AM,2024-06-23,PM,NA
621,2024-05-03,2024-06-06,3.238,Female,26,35,2024-06-17,PM,2024-06-25,PM,NA
94,NA,NA,NA,Female,29,26,2024-06-05,PM,2024-06-19,PM,NA
95,2024-05-03,2024-05-27,1.8,Female,29,26,2024-06-06,PM,2024-06-22,AM,NA
102,2024-05-03,2024-05-28,2.489,Female,29,26,2024-06-07,PM,2024-06-28,PM,NA
103,2024-05-03,2024-05-28,2.468,Female,29,26,2024-06-07,AM,2024-06-28,PM,NA
122,2024-05-03,2024-05-28,2.243,Female,29,26,2024-06-07,PM,2024-06-22,AM,NA
151,2024-05-03,2024-05-29,2.582,Female,29,26,2024-06-07,PM,2024-06-17,PM,NA
159,2024-05-03,2024-05-29,1.8,Female,29,26,2024-06-07,PM,2024-06-21,AM,NA
162,2024-05-03,2024-05-29,2.856,Female,29,26,2024-06-08,PM,2024-06-26,AM,NA
164,2024-05-03,2024-05-29,2.459,Female,29,26,2024-06-08,PM,2024-06-22,PM,NA
168,2024-05-03,2024-05-29,2.558,Female,29,26,2024-06-08,PM,2024-06-17,AM,NA
171,2024-05-03,2024-05-29,2.917,Female,29,26,2024-06-07,PM,2024-06-19,AM,NA
175,2024-05-03,2024-05-29,2.798,Female,29,26,2024-06-07,PM,2024-06-22,PM,NA
196,2024-05-03,2024-05-29,2.33,Female,29,26,2024-06-08,PM,2024-06-17,PM,NA
251,2024-05-03,2024-05-30,2.319,Female,29,26,2024-06-08,PM,2024-06-25,PM,NA
261,NA,NA,NA,Female,29,26,2024-06-09,AM,2024-06-27,AM,NA
273,2024-05-03,2024-05-30,3.129,Female,29,26,2024-06-07,PM,2024-06-20,PM,NA
274,2024-05-03,2024-05-30,2.276,Female,29,26,2024-06-08,PM,NA,NA,Missing
275,2024-05-03,2024-05-30,2.882,Female,29,26,2024-06-07,PM,2024-06-20,PM,NA
277,2024-05-03,2024-05-30,2.339,Female,29,26,2024-06-08,PM,2024-06-25,AM,NA
279,2024-05-03,2024-05-30,2.356,Female,29,26,2024-06-09,PM,2024-06-17,PM,NA
280,2024-05-03,2024-05-30,2.686,Female,29,26,2024-06-08,PM,2024-06-18,AM,NA
297,2024-05-03,2024-05-30,2.579,Female,29,26,2024-06-08,PM,2024-06-27,AM,NA
328,2024-05-03,2024-05-31,2.837,Female,29,26,2024-06-10,PM,2024-06-28,PM,Mold
336,2024-05-03,2024-05-31,3.172,Female,29,26,2024-06-10,PM,2024-06-19,AM,NA
376,2024-05-03,2024-06-01,3.033,Female,29,26,2024-06-10,PM,2024-06-20,PM,NA
119,2024-05-03,2024-05-28,2.78,Female,29,29,2024-06-07,PM,2024-06-21,AM,NA
129,NA,NA,NA,Female,29,29,2024-06-05,PM,2024-06-20,AM,NA
133,2024-05-03,2024-05-28,2.609,Female,29,29,2024-06-06,PM,2024-06-19,AM,NA
143,2024-05-03,2024-05-28,2.78,Female,29,29,2024-06-07,PM,2024-06-23,PM,NA
153,2024-05-03,2024-05-29,2.811,Female,29,29,2024-06-08,PM,2024-06-22,AM,NA
155,2024-05-03,2024-05-29,1.984,Female,29,29,2024-06-07,PM,2024-06-21,PM,NA
156,2024-05-03,2024-05-29,3.354,Female,29,29,2024-06-08,PM,2024-06-16,PM,mold
160,2024-05-03,2024-05-29,2.331,Female,29,29,2024-06-07,AM,2024-06-18,AM,NA
167,2024-05-03,2024-05-29,2.172,Female,29,29,2024-06-07,PM,2024-06-15,PM,NA
170,2024-05-03,2024-05-29,2.593,Female,29,29,2024-06-08,PM,2024-06-20,PM,NA
172,2024-05-03,2024-05-29,2.726,Female,29,29,2024-06-08,PM,2024-06-22,AM,NA
177,2024-05-03,2024-05-29,1.804,Female,29,29,2024-06-07,PM,2024-06-18,PM,NA
183,2024-05-03,2024-05-29,2.481,Female,29,29,2024-06-06,PM,2024-06-20,PM,NA
194,2024-05-03,2024-05-29,2.692,Female,29,29,2024-06-07,PM,2024-06-23,AM,NA
195,2024-05-03,2024-05-29,2.762,Female,29,29,2024-06-08,PM,2024-06-23,PM,NA
200,2024-05-03,2024-05-29,2.524,Female,29,29,2024-06-07,PM,2024-06-18,PM,NA
203,2024-05-03,2024-05-29,2.496,Female,29,29,2024-06-08,PM,2024-06-18,AM,NA
249,NA,NA,NA,Female,29,29,2024-06-09,AM,2024-06-21,PM,NA
272,2024-05-03,2024-05-30,2.498,Female,29,29,2024-06-09,PM,2024-06-16,PM,removed due to mold
278,2024-05-03,2024-05-30,2.346,Female,29,29,2024-06-08,PM,2024-06-16,PM,NA
286,NA,NA,NA,Female,29,29,2024-06-09,AM,2024-06-19,AM,NA
289,2024-05-03,2024-05-30,0.895,Female,29,29,2024-06-07,PM,2024-06-16,AM,mold
291,2024-05-03,2024-05-30,2.387,Female,29,29,2024-06-08,PM,2024-06-16,PM,mold
335,2024-05-03,2024-05-31,3.534,Female,29,29,2024-06-10,PM,2024-06-22,PM,NA
337,2024-05-03,2024-05-31,2.434,Female,29,29,2024-06-09,PM,2024-06-23,PM,NA
382,2024-05-03,2024-06-01,3.201,Female,29,29,2024-06-10,PM,2024-06-19,PM,NA
423,2024-05-03,2024-06-02,2.93,Female,29,29,2024-06-12,PM,2024-06-20,AM,NA
117,2024-05-03,2024-05-28,1.889,Female,29,32,2024-06-06,PM,2024-06-13,PM,NA
125,NA,NA,NA,Female,29,32,2024-06-05,PM,2024-06-13,PM,NA
130,2024-05-03,2024-05-28,2.517,Female,29,32,2024-06-06,PM,2024-06-12,PM,NA
152,2024-05-03,2024-05-29,2.615,Female,29,32,2024-06-07,PM,2024-06-13,PM,NA
158,2024-05-03,2024-05-29,2.625,Female,29,32,2024-06-07,PM,2024-06-15,PM,NA
173,2024-05-03,2024-05-29,2.084,Female,29,32,2024-06-07,PM,2024-06-18,AM,NA
176,2024-05-03,2024-05-29,2.53,Female,29,32,2024-06-07,PM,2024-06-22,PM,NA
180,2024-05-03,2024-05-29,2.302,Female,29,32,2024-06-07,PM,2024-06-18,PM,NA
184,2024-05-03,2024-05-29,3.04,Female,29,32,2024-06-08,PM,2024-06-28,AM,NA
191,2024-05-03,2024-05-29,1.685,Female,29,32,2024-06-07,PM,2024-06-18,AM,NA
192,2024-05-03,2024-05-29,2.534,Female,29,32,2024-06-08,PM,2024-06-15,AM,NA
197,2024-05-03,2024-05-29,1.923,Female,29,32,2024-06-07,PM,2024-06-21,AM,NA
247,2024-05-03,2024-05-30,2.485,Female,29,32,2024-06-08,PM,2024-06-13,PM,NA
253,2024-05-03,2024-05-30,2.3,Female,29,32,2024-06-07,AM,2024-06-18,AM,NA
262,2024-05-03,2024-05-30,3.199,Female,29,32,2024-06-08,PM,2024-06-18,AM,NA
276,2024-05-03,2024-05-30,2.333,Female,29,32,2024-06-08,PM,2024-06-18,PM,NA
283,2024-05-03,2024-05-30,2.11,Female,29,32,2024-06-08,PM,2024-06-16,AM,missing
290,2024-05-03,2024-05-30,2.931,Female,29,32,2024-06-07,PM,2024-06-11,PM,NA
292,2024-05-03,2024-05-30,2.577,Female,29,32,2024-06-08,PM,2024-06-17,AM,NA
295,2024-05-03,2024-05-30,2.578,Female,29,32,2024-06-08,PM,2024-06-15,AM,NA
329,2024-05-03,2024-05-31,2.64,Female,29,32,2024-06-09,PM,2024-06-15,PM,NA
330,2024-05-03,2024-05-31,2.768,Female,29,32,2024-06-11,AM,2024-06-20,AM,NA
332,2024-05-03,2024-05-31,2.742,Female,29,32,2024-06-09,PM,2024-06-18,AM,NA
375,NA,NA,NA,Female,29,32,2024-06-12,AM,2024-06-21,PM,NA
112,2024-05-03,2024-05-28,2.537,Female,29,35,2024-06-07,AM,2024-06-15,AM,NA
124,2024-05-03,2024-05-28,1.6,Female,29,35,2024-06-06,AM,2024-06-11,PM,NA
154,2024-05-03,2024-05-29,2.822,Female,29,35,2024-06-07,PM,2024-06-14,AM,NA
157,2024-05-03,2024-05-29,1.823,Female,29,35,2024-06-07,PM,2024-06-14,PM,NA
163,2024-05-03,2024-05-29,1.736,Female,29,35,2024-06-06,PM,2024-06-12,PM,NA
165,2024-05-03,2024-05-29,2.681,Female,29,35,2024-06-07,PM,2024-06-12,PM,NA
181,2024-05-03,2024-05-29,2.598,Female,29,35,2024-06-07,AM,2024-06-14,PM,NA
182,2024-05-03,2024-05-29,2.16,Female,29,35,2024-06-08,PM,2024-06-16,AM,NA
186,2024-05-03,2024-05-29,2.648,Female,29,35,2024-06-07,PM,2024-06-13,AM,NA
187,2024-05-03,2024-05-29,2.536,Female,29,35,2024-06-08,PM,2024-06-13,PM,NA
189,2024-05-03,2024-05-29,2.304,Female,29,35,2024-06-08,PM,2024-06-17,AM,NA
190,2024-05-03,2024-05-29,1.44,Female,29,35,2024-06-07,PM,2024-06-14,PM,NA
202,2024-05-03,2024-05-29,2.08,Female,29,35,2024-06-07,PM,2024-06-16,AM,NA
204,2024-05-03,2024-05-29,1.648,Female,29,35,2024-06-07,PM,2024-06-14,PM,NA
256,2024-05-03,2024-05-30,2.338,Female,29,35,2024-06-08,PM,2024-06-12,PM,NA
258,2024-05-03,2024-05-30,1.97,Female,29,35,2024-06-08,PM,2024-06-15,AM,NA
259,2024-05-03,2024-05-30,2.693,Female,29,35,2024-06-09,PM,2024-06-17,AM,NA
268,NA,NA,NA,Female,29,35,2024-06-09,AM,2024-06-17,AM,NA
270,2024-05-03,2024-05-30,3.165,Female,29,35,2024-06-10,AM,2024-06-13,AM,NA
271,2024-05-03,2024-05-30,2.495,Female,29,35,2024-06-08,PM,2024-06-13,AM,NA
287,2024-05-03,2024-05-30,2.853,Female,29,35,2024-06-09,PM,2024-06-15,AM,NA
288,2024-05-03,2024-05-30,1.895,Female,29,35,2024-06-08,PM,2024-06-14,PM,NA
294,2024-05-03,2024-05-30,3.111,Female,29,35,2024-06-08,PM,2024-06-11,PM,NA
296,2024-05-03,2024-05-30,2.616,Female,29,35,2024-06-08,PM,2024-06-16,PM,NA
377,NA,NA,NA,Female,29,35,2024-06-11,PM,2024-06-16,PM,NA
379,2024-05-03,2024-06-01,3.198,Female,29,35,2024-06-10,PM,2024-06-15,PM,NA
421,2024-05-03,2024-06-02,2.736,Female,29,35,2024-06-11,PM,2024-06-17,AM,NA
571,2024-05-03,2024-06-04,3.084,Female,29,35,2024-06-14,AM,2024-06-19,PM,NA
